<?xml version="1.0" encoding="EUC-KR"?>
<!DOCTYPE mapper PUBLIC "-//mybatis.org//DTD Mapper 3.0//EN" "http://mybatis.org/dtd/mybatis-3-mapper.dtd">
<mapper namespace="com.mybatis.mapper.include">
	<select id="sideTeamList" parameterType="map" resultType="map">
		select team.team_code,TEAM.TEAM_NAME
		from team_member,team
		<where>
			AND team_member.team_code = team.team_code
			<if test="mem_id!=null">
				AND team_member.mem_id = #{mem_id}
			</if>
		</where>
	</select>
	<select id="messageCount" parameterType="java.lang.String" resultType="map">
		select mb_code
		from myboard
		<where>
		AND mem_id =#{mem_id}
		AND mb_check = '0'
		</where>
	</select>
</mapper>