<?xml version="1.0" encoding="UTF-8"?>
<beans xmlns="http://www.springframework.org/schema/beans" 
           xmlns:xsi="http://www.w3.org/2001/XMLSchema-instance" 
           xmlns:context="http://www.springframework.org/schema/context" 
           xmlns:mvc="http://www.springframework.org/schema/mvc" 
           xmlns:aop="http://www.springframework.org/schema/aop" 
           xmlns:tx="http://www.springframework.org/schema/tx"
           xsi:schemaLocation="http://www.springframework.org/schema/beans 
                                          http://www.springframework.org/schema/beans/spring-beans-4.0.xsd 
                                          http://www.springframework.org/schema/mvc 
                                          http://www.springframework.org/schema/mvc/spring-mvc-4.0.xsd
                                          http://www.springframework.org/schema/context 
                                          http://www.springframework.org/schema/context/spring-context-4.0.xsd
                                          http://www.springframework.org/schema/aop
                                          http://www.springframework.org/schema/aop/spring-aop-4.0.xsd
                                          http://www.springframework.org/schema/tx
                                          http://www.springframework.org/schema/tx/spring-tx-4.0.xsd">
	<aop:config>
		<aop:pointcut expression="execution(* com.mvc.*Logic.*(..))" id="point-cut"/>
		<aop:advisor advice-ref="tx-advice" pointcut-ref="point-cut"/>
	</aop:config>
	<tx:advice id="tx-advice" transaction-manager="transactionManager">
		<tx:attributes>
			<tx:method name="board*"/>
		</tx:attributes>
	</tx:advice>
</beans>