<?xml version="1.0" encoding="UTF-8"?>
<beans xmlns="http://www.springframework.org/schema/beans" 
           xmlns:xsi="http://www.w3.org/2001/XMLSchema-instance" 
           xmlns:context="http://www.springframework.org/schema/context" 
           xmlns:mvc="http://www.springframework.org/schema/mvc" 
           xsi:schemaLocation="http://www.springframework.org/schema/beans 
                                          http://www.springframework.org/schema/beans/spring-beans-4.0.xsd 
                                          http://www.springframework.org/schema/mvc 
                                          http://www.springframework.org/schema/mvc/spring-mvc-4.0.xsd
                                          http://www.springframework.org/schema/context 
                                          http://www.springframework.org/schema/context/spring-context-4.0.xsd">
	<bean id="data-source" class="com.p6spy.engine.spy.P6DataSource">
		<constructor-arg ref="data-source-target"/>
	</bean>
	<bean id="data-source-target" class="org.springframework.jdbc.datasource.DriverManagerDataSource">
		<property name="driverClassName">
			<value>oracle.jdbc.driver.OracleDriver</value>
		</property>
		<property name="url">
			<value>jdbc:oracle:thin:@192.168.0.59:1521:orcl11</value>
		</property>
		<property name="username">
			<value>PEOPLE</value>
		</property>
		<property name="password">
			<value>ABCD1234</value>
		</property>
	</bean>
	
	<!-- 물리적으로 떨어져 있는 DB서버와 커넥션을 맺는데 필요한 정보를 로딩(Connection생성)하기 -->
	<bean id="sqlSessionFactory" class="org.mybatis.spring.SqlSessionFactoryBean">
		<property name="configLocation" value="WEB-INF/mybatis-config.xml"/>
		<property name="dataSource" ref="data-source-target"/>
	</bean>
	<bean id="sqlSessionTemplate" class="org.mybatis.spring.SqlSessionTemplate">
		<constructor-arg index="0" ref="sqlSessionFactory"/>
	</bean>
	<!-- Transaction manager -->
	<bean id="transactionManager" class="org.springframework.jdbc.datasource.DataSourceTransactionManager">
        <property name="dataSource" ref="data-source-target" />
    </bean>
</beans>  









                                        