<?xml version="1.0" encoding="EUC-KR"?>
<!DOCTYPE mapper PUBLIC "-//mybatis.org//DTD Mapper 3.0//EN" "http://mybatis.org/dtd/mybatis-3-mapper.dtd">
<mapper namespace="com.mybatis.mapper.login">
	<select id="loginCall" parameterType="map" resultType="map">
		select mem_name,mem_id,mem_companyname,mem_position  
		from member
		<where>
		<if test="mem_id!=null">
					AND mem_id = #{mem_id}
		</if>
		<if test="mem_pw!=null">
			        AND mem_pw = #{mem_pw}
		</if>
		</where>
	</select>
	
	<insert id="signUp" parameterType="java.util.Map">
		INSERT INTO member (mem_id,mem_name,mem_pw,mem_phone,mem_position,mem_companyaddr,mem_companyname,mem_companyphone,mem_connect)
		      VALUES(#{mem_id}, #{mem_name}, #{mem_pw}, #{mem_hp},#{mem_position}, #{mem_addr}, #{mem_companyname},#{mem_companyphone},#{mem_connect})
	
	</insert>
</mapper>